ID,prediction
28800,-0.8741568940165586
28801,0.040400002939714276
28802,-0.8701605712179475
